baseline,ssdThroughput,addedLatency
3431.3708164924647,6274.894415289979,0ms
