baseline,ssdThroughput,addedLatency
3184.822667365817,6487.599072524,0ms
