baseline,ssdThroughput,addedLatency
605.4419627065383,6378.138403051632,0ms
