baseline,ssdThroughput,addedLatency
6671.383286478231,6410.082877545273,0ms
