baseline,ssdThroughput,addedLatency
529.8766508774679,4219.075755050014,0ms
