Throughput,bReadcount,bLatency,cReadcount,cLatency,dReadcount,dLatency,addedLatency
5084.0,88.68549055861526,49809.0,0.4109473589110402,111.0,146.03800900900902,0.0
5075.0,64.86317176887489,50159.0,0.30934149927976956,0.0,146.03800900900902,5.0
25456.0,22.193348617155696,29499.0,0.2926272022986553,0.0,146.03800900900902,10.0
27458.0,13.20448431182915,27578.0,0.2844429558406826,0.0,146.03800900900902,15.0
27498.0,9.518834682183039,27569.0,0.2655512528843967,0.0,146.03800900900902,20.0
27483.0,7.590889745370762,27378.0,0.24635680120004527,0.0,146.03800900900902,25.0
